Amount,Currency,CardNumber,CardHolderName,ExpiryMonth,ExpiryYear,CVV,CustomerEmail,Description
100.00,USD,4111111111111111,John Doe,12,2025,123,john.doe@example.com,Online Purchase - Electronics
250.50,USD,4111111111111119,Jane Smith,11,2025,456,jane.smith@example.com,Subscription Payment
75.25,USD,4111111111111110,Bob Johnson,10,2025,789,bob.johnson@example.com,Service Fee
500.00,EUR,4111111111111111,Alice Brown,09,2025,321,alice.brown@example.com,International Purchase
150.75,USD,4111111111111119,Charlie Wilson,08,2025,654,charlie.wilson@example.com,Monthly Billing
89.99,USD,4111111111111111,Diana Prince,07,2025,987,diana.prince@example.com,Software License
299.00,USD,4111111111111110,Edward Norton,06,2025,147,edward.norton@example.com,Consulting Services
45.50,GBP,4111111111111111,Fiona Green,05,2025,258,fiona.green@example.com,Digital Content
199.99,USD,4111111111111119,George Miller,04,2025,369,george.miller@example.com,Annual Membership
325.00,USD,4111111111111111,Helen Davis,03,2025,741,helen.davis@example.com,Training Course
